<?xml version="1.0" encoding="UTF-8"?>
<project-private xmlns="http://www.netbeans.org/ns/project-private/1">
    <open-files xmlns="http://www.netbeans.org/ns/projectui-open-files/2">
        <group>
            <file>file:/C:/Users/zerki/OneDrive/Bureau/Cours%20et%20Exo/Cours%20BUFFETEAU/Les%20TPs/ProjetAuto-Administrateur/src/Vues/FrmConnexion.java</file>
            <file>file:/C:/Users/zerki/OneDrive/Bureau/Cours%20et%20Exo/Cours%20BUFFETEAU/Les%20TPs/ProjetAuto-Administrateur/src/Vues/FrmAjoutMoniteur.java</file>
        </group>
    </open-files>
</project-private>
